--delete from tblCustomer;
USE EPAM_Airline

GO

set dateformat mdy;

SET IDENTITY_INSERT tblCustomer ON

INSERT INTO  tblCustomer (Id, FirstName, Surname, BirthDate, Country, Comment)
VALUES  (1,'Ihor', 'Mykhaliak', '1995-05-21', 'Ukraine', NULL),
		(2,'Emma', 'Spin', '1981-04-18', 'England', NULL),
		(3,'Solomia', 'Demkiv', '1995-05-20', 'Ukraine', NULL),
		(4,'Mark', 'Rizun', '1995-06-05', 'Ukraine', NULL),
		(5,'Andrew', 'Dyachuk', '1995-07-14', 'Ukraine', NULL),
		(6,'Orest', 'Tkachuk', '1995-10-28', 'Ukraine', NULL),
		(7,'Nazar', 'Kovpachok', '1993-04-28', 'Ukraine', NULL),
		(8,'Oleg', 'Kopchyk', '1993-04-28', 'Ukraine', NULL),
		(9,'Oleg', 'Lebed', '1995-04-28', 'Ukraine', NULL),
		(10,'Gus', 'Hun', '1970-04-22', 'Sweden', NULL),
		(11,'Vikror', 'Bloming', '1989-01-18', 'Sweden', NULL),
		(12,'Daniel', 'Negren', '1975-04-28', 'USA', NULL),
		(13,'Daniel', 'Colme', '1980-04-28', 'USA', NULL),
		(14,'Liv', 'Boiree', '1985-07-15', 'England', NULL),
		(15,'Phil', 'Hellme', '1965-01-28', 'USA', NULL)

SET IDENTITY_INSERT tblCustomer OFF

--select * from tblCustomer
--select GETDATE();

SET IDENTITY_INSERT tblFlight ON

INSERT INTO  tblFlight (Id, DepartureTime, ArrivalTime, Departure, Destination, Cost, SeatsCount)
VALUES	(1, '2015-04-28 15:00:00.000', '2015-04-28 19:00:00.000', 'Paris', 'Lviv',850, 250),
		(2, '2015-04-29 11:25:00.000', '2015-04-29 22:47:00.000', 'Kyiv', 'New York',1750, 250),
		(3, '2015-04-29 21:00:00.000', '2015-04-29 21:45:00.000', 'Lviv', 'Kyiv',345, 250),
		(4, '2015-04-30 17:00:00.000', '2015-04-30 21:25:00.000', 'Lviv', 'Paris',850, 250),
		(5, '2015-04-30 3:00:00.000', '2015-04-30 6:00:00.000', 'Kyiv', 'London',555, 250)

SET IDENTITY_INSERT tblFlight OFF

--DELETE FROM tblReservation;

SET IDENTITY_INSERT tblReservation ON

INSERT INTO tblReservation(Id, Seat, CustomerId, FlightId, Cost, [Status])
VALUES	(1, '1A', 1, 1, 1000, 1),
		(2, '1B', 1, 1, 1000, 1),
		(3, '1C', 1, 1, 1000, 1),
		(4, '1D', 1, 1, 1000, 1),
		(5, '1E', 1, 1, 1000, 1),
		(6, '1F', 15, 1, 1000, 1),
		(7, '2A', 15, 1, 1000, 1),
		(8, '2B', 7, 1, 1000, 1),
		(9, '2C', 7, 1, 1000, 1),
		(10, '2D', 8, 1, 1000, 1),
		(11, '2E', 8, 1, 1000, 1),
		(12, '3E', 7, 1, 1000, 1),
		(13, '4A', 7, 1, 1000, 1),
		(14, '4B', 11, 1, 1000, 1),
		(15, '4C', 15, 1, 1000, 1),
		(16, '3B', 15, 1, 1000, 1),
		(17, '3C', 5, 1, 1000, 1),
		(18, '3D', 5, 1, 1000, 1),
		(19, '3F', 5, 1, 1000, 1),
		(20, '5A', 5, 1, 1000, 1),
		(21, '1A', 6, 2, 1750, 1),
		(22, '1B', 6, 2, 1750, 1),
		(23, '1C', 6, 2, 1750, 1),
		(24, '1D', 7, 2, 1750, 1),
		(25, '1E', 7, 2, 1750, 1),
		(26, '1F', 8, 2, 1750, 1),
		(27, '2A', 9, 2, 1750, 1),
		(28, '2B', 1, 2, 1750, 1),
		(29, '2C', 11, 2, 1750, 1),
		(30, '2D', 13, 2, 1750, 1),
		(31, '2E', 2, 2, 1750, 1),
		(32, '3F', 3, 2, 1750, 1),
		(33, '4A', 10, 2, 1750, 1),
		(34, '4B', 5, 2, 1750, 1),
		(35, '4C', 4, 2, 1750, 1),
		(36, '3B', 12, 2, 1750, 1),
		(37, '3C', 14, 2, 1750, 1),
		(38, '3D', 14, 2, 1750, 1),
		(39, '3E', 14, 2, 1750, 1),
		(40, '5A', 14, 2, 1750, 1),
		(41, '1A', 15, 3, 345, 1),
		(42, '1B', 14, 3, 345, 1),
		(43, '1C', 13, 3, 345, 1),
		(44, '1D', 12, 3, 345, 1),
		(45, '1E', 1, 3, 345, 1),
		(46, '1F', 5, 3, 345, 1),
		(47, '2A', 4, 3, 345, 1),
		(48, '2B', 3, 3, 345, 1),
		(49, '2C', 2, 3, 345, 1),
		(50, '2D', 10, 3, 345, 1),
		(51, '2E', 10, 3, 345, 1),
		(52, '3E', 10, 3, 345, 1),
		(53, '4A', 10, 3, 345, 1),
		(54, '4B', 10, 3, 345, 1),
		(55, '4C', 10, 3, 345, 1),
		(56, '3B', 11, 3, 345, 1),
		(57, '3C', 8, 3, 345, 1),
		(58, '3D', 9, 3, 345, 1),
		(59, '3F', 6, 3, 345, 1),
		(60, '5A', 7, 3, 345, 1),
		(61, '1A', 5, 4, 850, 1),
		(62, '1B', 6, 4, 850, 1),
		(63, '1C', 11, 4, 850, 1),
		(64, '1D', 10, 4, 850, 1),
		(65, '1E', 11, 4, 850, 1),
		(66, '1F', 10, 4, 850, 1),
		(67, '2A', 9, 4, 850, 1),
		(68, '2B', 9, 4, 850, 1),
		(69, '2C', 8, 4, 850, 1),
		(70, '2D', 8, 4, 850, 1),
		(71, '2E', 1, 4, 850, 1),
		(72, '3E', 5, 4, 850, 1),
		(73, '4A', 15, 4, 850, 1),
		(74, '4B', 3, 4, 850, 1),
		(75, '4C', 2, 4, 850, 1),
		(76, '3B', 14, 4, 850, 1),
		(77, '3C', 14, 4, 850, 1),
		(78, '3D', 14, 4, 850, 1),
		(79, '3F', 12, 4, 850, 1),
		(80, '5A', 12, 4, 850, 1),
		(81, '1A', 9, 5, 555, 1),
		(82, '1B', 9, 5, 555, 1),
		(83, '1C', 9, 5, 555, 1),
		(84, '1D', 9, 5, 555, 1),
		(85, '1E', 8, 5, 555, 1),
		(86, '1F', 8, 5, 555, 1),
		(87, '2A', 8, 5, 555, 1),
		(88, '2B', 8, 5, 555, 1),
		(89, '2C', 10, 5, 555, 1),
		(90, '2D', 10, 5, 555, 1),
		(91, '2E', 11, 5, 555, 1),
		(92, '3E', 1, 5, 555, 1),
		(93, '4A', 2, 5, 555, 1),
		(94, '4B', 2, 5, 555, 1),
		(95, '4C', 3, 5, 555, 1),
		(96, '3B', 4, 5, 555, 1),
		(97, '3C', 5, 5, 555, 1),
		(98, '3D', 6, 5, 555, 1),
		(99, '3F', 7, 5, 555, 1),
		(100, '20', 8, 5, 555, 1)

SET IDENTITY_INSERT tblReservation OFF
		

